Drama,Prison,Melodrama
Crime,Drama,Suspense
Action,Thriller,Crime
Crime,Drama,Suspense
Drama,Crime,Classic
Biography,Drama,History
Fantasy,Action,Adventure
Crime,Drama,Dark Comedy
Fantasy,Action,Adventure
Adventure,Drama,Western
Drama,Romance,Comedy
Action,Thriller,Mystery
Animation,Action,Adventure
Fantasy,Action,Adventure
Action,Adventure,SciFi
Action,Adventure,Fantasy
Action,SciFi,
Biography,Crime,Drama
Drama,,
Crime,Drama,Mystery
Drama,Family,Fantasy
Action,Drama,
Crime,Drama,Thriller
Drama,War,
Crime,Drama,
Adventure,Drama,SciFi
Comedy,Drama,Romance
Crime,Drama,Fantasy
Fantasy,Action,Adventure
Action,Adventure,SciFi
Adventure,Comedy,SciFi
Animation,Adventure,Family
Biography,Drama,Music
Horror,Mystery,Thriller
Drama,Thriller,
Action,Crime,Drama
Animation,Adventure,
Action,Adventure,Drama
Crime,Drama,
Crime,Drama,Thriller
Drama,Music,
Drama,Mystery,SciFi
Crime,Drama,Mystery
Drama,Romance,War
Animation,Drama,War
Action,Drama,Mystery
Comedy,Drama,
Comedy,Drama,Romance
Drama,Romance,
Drama,Western,
Mystery,Thriller,
Horror,SciFi,
Comedy,Drama,Romance
Drama,Mystery,War
Mystery,Thriller,
Comedy,Drama,Western
Action,Adventure,
Animation,Adventure,Family
Drama,Mystery,Thriller
Drama,FilmNoir,
Drama,War,
Action,Adventure,SciFi
Drama,Horror,
Comedy,Drama,War
Crime,Drama,Mystery
Animation,Action,Adventure
Action,Adventure,SciFi
Drama,,
Action,Drama,Thriller
Comedy,War,
Adventure,Drama,War
Action,Drama,Mystery
Animation,Adventure,Drama
Biography,Drama,Music
Animation,Adventure,Comedy
Biography,Drama,War
Drama,War,
Crime,Drama,Thriller
Action,Adventure,Drama
Animation,Action,Adventure
Drama,Romance,
Crime,Drama,
Animation,Drama,Fantasy
Comedy,Drama,
Comedy,Musical,Romance
Crime,Drama,Mystery
Drama,,
Drama,,
Animation,Adventure,Comedy
Action,Adventure,Fantasy
Drama,Thriller,War
Drama,Romance,SciFi
Adventure,SciFi,
Drama,,
Crime,Thriller,
Adventure,Biography,Drama
Drama,Mystery,
Drama,,
Crime,Mystery,Thriller
Action,Adventure,Mystery
Comedy,Drama,Romance
Mystery,Romance,Thriller
Comedy,Romance,
Crime,Drama,FilmNoir
Crime,SciFi,
Drama,War,
Crime,Drama,
Musical,Biography,Drama
Drama,Mystery,War
Action,Crime,Drama
Animation,Adventure,Comedy
Crime,Drama,
Comedy,Crime,Drama
Drama,,
Action,Adventure,
Drama,SciFi,
Action,Thriller,
Crime,Drama,Mystery
Comedy,Crime,
Drama,,
Crime,Drama,
Drama,Family,
Action,Drama,History
Action,Biography,Drama
Biography,Drama,History
Action,Drama,
Drama,Western,
Action,Crime,Drama
Comedy,Drama,Family
Comedy,Music,Romance
Drama,Mystery,
Biography,Comedy,Crime
Drama,,
Biography,Comedy,Drama
Drama,War,
Comedy,Drama,
Action,Drama,War
Crime,Drama,
Drama,,
Drama,Fantasy,War
Drama,Mystery,Thriller
Drama,Western,
Drama,Mystery,Thriller
Action,Adventure,SciFi
Biography,Drama,Mystery
Adventure,Drama,Western
Action,Drama,Thriller
Crime,Drama,Thriller
Adventure,Comedy,Fantasy
Action,Crime,Thriller
Adventure,Drama,Thriller
Horror,Mystery,SciFi
Crime,Drama,Mystery
Animation,Adventure,Comedy
Action,Adventure,Fantasy
Biography,Drama,
Drama,Mystery,Thriller
Action,Drama,SciFi
Biography,Drama,Sport
Drama,Romance,War
Crime,Thriller,
Animation,Adventure,Family
Action,Comedy,Crime
Animation,Adventure,Comedy
Drama,Mystery,Romance
Crime,Drama,Mystery
Comedy,Crime,Drama
Drama,,
Adventure,Drama,War
Crime,Thriller,
Action,Drama,Sport
Drama,,
Biography,Crime,Drama
Animation,Comedy,Family
Drama,Sport,
Drama,Family,Sport
Animation,Adventure,Comedy
Adventure,Family,Fantasy
Action,Drama,SciFi
Adventure,Comedy,Drama
Biography,Drama,History
Drama,Romance,
Adventure,Comedy,Crime
Adventure,Drama,
Drama,Mystery,Thriller
Crime,Drama,Thriller
Adventure,Drama,War
Action,Adventure,Comedy
Biography,Crime,Drama
Drama,Romance,
Biography,Drama,History
Drama,War,
FilmNoir,Mystery,Thriller
Crime,Drama,Mystery
Adventure,Drama,Thriller
Action,Comedy,Romance
Comedy,Drama,Thriller
Action,Adventure,SciFi
Comedy,Drama,
Comedy,Drama,
Animation,Comedy,Drama
Animation,Adventure,Comedy
Animation,Action,Adventure
Adventure,Mystery,Thriller
Drama,Fantasy,
Drama,Thriller,
Drama,,
Comedy,Crime,
Action,Biography,Drama
Biography,Drama,History
Animation,Adventure,Comedy
Biography,Drama,History
Drama,Sport,
Drama,War,
Action,Drama,SciFi
Biography,Crime,Drama
Action,Adventure,SciFi
Crime,Drama,Mystery
Drama,Romance,
Action,Biography,Drama
Drama,,
Adventure,Comedy,Drama
Action,Adventure,Comedy
Drama,Romance,War
Adventure,Biography,Drama
Adventure,Family,Fantasy
Crime,Drama,
Animation,Action,Adventure
Horror,,
Action,Adventure,Fantasy
Comedy,Romance,War
Comedy,Drama,Fantasy
Drama,Family,
Drama,War,
Drama,,
Biography,Drama,Family
Drama,Romance,Thriller
Drama,,
Drama,Thriller,
Drama,Mystery,Romance
Crime,Drama,
Biography,Drama,Family
Comedy,Romance,
Crime,Drama,
Drama,Thriller,
Animation,Action,Adventure
Drama,,
Comedy,,
Animation,Adventure,Comedy
Adventure,Drama,Western